region,unit_id,local_index,selected,score,dprime,delay_lick_coupling,tf_selectivity,attention,prediction_gain,delay_rate_hz,preferred_class,neuron_type,reasons
right Striatum,219,50,True,3.4457198498738273,3.9624403139647555,0.08768941544169148,0.005872209928929806,0.1456522096633412,0.07043294650882787,7.894735336303711,Left,delay_choice,Choice-discriminative delay rate (d′=3.96 vs other actions; prefers Left). | SPEC-TCNN neuron attention is high (a=0.146); the unit is used as past context. | Occluding this unit raises lick-raster prediction error (ΔMSE gain=0.070). | Ground-truth type: persistent delay-choice cell — the ALM preparatory motif of Li/Inagaki/Svoboda.
left Striatum,157,44,True,3.085208370856111,4.216174045312942,0.03674249477628006,0.0068318858742713925,0.24134626269989648,0.036742494689133536,8.201754570007324,Right,delay_choice,Choice-discriminative delay rate (d′=4.22 vs other actions; prefers Right). | SPEC-TCNN neuron attention is high (a=0.241); the unit is used as past context. | Occluding this unit raises lick-raster prediction error (ΔMSE gain=0.037). | Ground-truth type: persistent delay-choice cell — the ALM preparatory motif of Li/Inagaki/Svoboda.
right Striatum,214,45,True,2.8476435241510347,4.933260467581784,0.0,0.004436111822724343,0.38453770357930883,0.0,7.324560642242432,Left,delay_choice,Choice-discriminative delay rate (d′=4.93 vs other actions; prefers Left). | SPEC-TCNN neuron attention is high (a=0.385); the unit is used as past context. | Ground-truth type: persistent delay-choice cell — the ALM preparatory motif of Li/Inagaki/Svoboda.
left Striatum,156,43,True,2.8255453712226832,3.6116536261671306,0.1065460726569839,0.004783571697771549,0.13185625554937216,0.09126936324573423,8.815789222717285,Right,delay_choice,Choice-discriminative delay rate (d′=3.61 vs other actions; prefers Right). | SPEC-TCNN neuron attention is high (a=0.132); the unit is used as past context. | Occluding this unit raises lick-raster prediction error (ΔMSE gain=0.091). | Ground-truth type: persistent delay-choice cell — the ALM preparatory motif of Li/Inagaki/Svoboda.
right ALM,63,6,True,2.651389319327337,8.640501331510961,0.0,0.0039135335013270375,0.6726415936054762,0.0,8.377192497253418,Left,delay_choice,Choice-discriminative delay rate (d′=8.64 vs other actions; prefers Left). | SPEC-TCNN neuron attention is high (a=0.673); the unit is used as past context. | Ground-truth type: persistent delay-choice cell — the ALM preparatory motif of Li/Inagaki/Svoboda.
left ALM,16,15,True,2.4311656626806077,8.728022218454338,0.011059457024363494,0.006945122592151165,0.4361719937374342,0.011059457011692288,10.48245620727539,Right,delay_choice,Choice-discriminative delay rate (d′=8.73 vs other actions; prefers Right). | SPEC-TCNN neuron attention is high (a=0.436); the unit is used as past context. | Occluding this unit raises lick-raster prediction error (ΔMSE gain=0.011). | Ground-truth type: persistent delay-choice cell — the ALM preparatory motif of Li/Inagaki/Svoboda.
right ALM,83,26,True,2.0365862620064306,3.5606945731177166,0.3317168533088756,0.0036244152113795282,0.004184579870796922,0.13669837376777047,8.684210777282715,Left,delay_choice,Choice-discriminative delay rate (d′=3.56 vs other actions; prefers Left). | Delay PSTH shape predicts this unit’s lick-period PSTH (r=0.33). | SPEC-TCNN neuron attention is high (a=0.004); the unit is used as past context. | Occluding this unit raises lick-raster prediction error (ΔMSE gain=0.137). | Ground-truth type: persistent delay-choice cell — the ALM preparatory motif of Li/Inagaki/Svoboda.
left ALM,23,22,True,2.0314001991905073,5.967609479481521,0.18541247822121226,0.008492342382669448,0.027594693141406935,0.1267720423623602,10.35087776184082,Right,delay_choice,Choice-discriminative delay rate (d′=5.97 vs other actions; prefers Right). | SPEC-TCNN neuron attention is high (a=0.028); the unit is used as past context. | Occluding this unit raises lick-raster prediction error (ΔMSE gain=0.127). | Ground-truth type: persistent delay-choice cell — the ALM preparatory motif of Li/Inagaki/Svoboda.
left Striatum,130,17,True,2.0228860163849816,2.295313077659149,0.147873271736888,0.009315835684537888,0.03535259050332842,0.08050318838276324,9.429823875427246,Right,delay_choice,Choice-discriminative delay rate (d′=2.30 vs other actions; prefers Right). | SPEC-TCNN neuron attention is high (a=0.035); the unit is used as past context. | Occluding this unit raises lick-raster prediction error (ΔMSE gain=0.081). | Ground-truth type: persistent delay-choice cell — the ALM preparatory motif of Li/Inagaki/Svoboda.
left Striatum,118,5,True,1.959404267484003,2.645254129608681,0.11880501787301488,0.007421290501952171,0.050164754898860096,0.07453901444536987,8.1578950881958,Right,delay_choice,Choice-discriminative delay rate (d′=2.65 vs other actions; prefers Right). | SPEC-TCNN neuron attention is high (a=0.050); the unit is used as past context. | Occluding this unit raises lick-raster prediction error (ΔMSE gain=0.075). | Ground-truth type: persistent delay-choice cell — the ALM preparatory motif of Li/Inagaki/Svoboda.
left ALM,15,14,True,1.9059011112953907,6.449419066400607,0.14251389690131513,0.011483436450362206,0.04467585025346722,0.10530814150943803,9.780701637268066,Right,delay_choice,Choice-discriminative delay rate (d′=6.45 vs other actions; prefers Right). | SPEC-TCNN neuron attention is high (a=0.045); the unit is used as past context. | Occluding this unit raises lick-raster prediction error (ΔMSE gain=0.105). | Ground-truth type: persistent delay-choice cell — the ALM preparatory motif of Li/Inagaki/Svoboda.
left Striatum,166,53,True,1.6577312339471668,3.112026450545076,0.035262789968768006,0.010440270602703094,0.08000466971058587,0.026028036712614475,8.859648704528809,Right,delay_choice,Choice-discriminative delay rate (d′=3.11 vs other actions; prefers Right). | SPEC-TCNN neuron attention is high (a=0.080); the unit is used as past context. | Occluding this unit raises lick-raster prediction error (ΔMSE gain=0.026). | Ground-truth type: persistent delay-choice cell — the ALM preparatory motif of Li/Inagaki/Svoboda.
right ALM,106,49,True,1.598165097753287,6.675177058828587,0.10001225549993316,0.004259993880987167,0.0942441459448183,0.07726398213088524,9.254385948181152,Left,delay_choice,Choice-discriminative delay rate (d′=6.68 vs other actions; prefers Left). | SPEC-TCNN neuron attention is high (a=0.094); the unit is used as past context. | Occluding this unit raises lick-raster prediction error (ΔMSE gain=0.077). | Ground-truth type: persistent delay-choice cell — the ALM preparatory motif of Li/Inagaki/Svoboda.
left ALM,4,3,True,1.5743155910712539,6.797973135042656,0.09456632277669014,0.01133042573928833,0.06330642028883764,0.07365463050925758,10.043859481811523,Right,delay_choice,Choice-discriminative delay rate (d′=6.80 vs other actions; prefers Right). | SPEC-TCNN neuron attention is high (a=0.063); the unit is used as past context. | Occluding this unit raises lick-raster prediction error (ΔMSE gain=0.074). | Ground-truth type: persistent delay-choice cell — the ALM preparatory motif of Li/Inagaki/Svoboda.
left ALM,20,19,True,1.4438468701730443,5.39165954649719,0.1313562661869392,0.01186022236943245,0.015512929040344696,0.0811441863980809,9.999999046325684,Right,delay_choice,Choice-discriminative delay rate (d′=5.39 vs other actions; prefers Right). | SPEC-TCNN neuron attention is high (a=0.016); the unit is used as past context. | Occluding this unit raises lick-raster prediction error (ΔMSE gain=0.081). | Ground-truth type: persistent delay-choice cell — the ALM preparatory motif of Li/Inagaki/Svoboda.
right Striatum,205,36,True,1.4367091037079496,4.148869201843096,0.0,0.002620566263794899,0.17550208382830634,0.0,7.456140041351318,Left,delay_choice,Choice-discriminative delay rate (d′=4.15 vs other actions; prefers Left). | SPEC-TCNN neuron attention is high (a=0.176); the unit is used as past context. | Ground-truth type: persistent delay-choice cell — the ALM preparatory motif of Li/Inagaki/Svoboda.
left ALM,39,38,True,1.133514370020352,7.815304521524314,0.0,0.009298279508948326,0.17509319071545984,0.0,8.815788269042969,Right,delay_choice,Choice-discriminative delay rate (d′=7.82 vs other actions; prefers Right). | SPEC-TCNN neuron attention is high (a=0.175); the unit is used as past context. | Ground-truth type: persistent delay-choice cell — the ALM preparatory motif of Li/Inagaki/Svoboda.
right ALM,66,9,True,1.0336602245593742,4.191345344020891,0.13985037506239614,0.0038213809952139855,0.007862124243627566,0.06783879755561024,7.587718963623047,Left,delay_choice,Choice-discriminative delay rate (d′=4.19 vs other actions; prefers Left). | SPEC-TCNN neuron attention is high (a=0.008); the unit is used as past context. | Occluding this unit raises lick-raster prediction error (ΔMSE gain=0.068). | Ground-truth type: persistent delay-choice cell — the ALM preparatory motif of Li/Inagaki/Svoboda.
right ALM,61,4,True,0.9783967274029308,4.908844275808272,0.08628124485926011,0.005639714375138283,0.016111867077978927,0.049018131030974764,9.51754379272461,Left,delay_choice,Choice-discriminative delay rate (d′=4.91 vs other actions; prefers Left). | SPEC-TCNN neuron attention is high (a=0.016); the unit is used as past context. | Occluding this unit raises lick-raster prediction error (ΔMSE gain=0.049). | Ground-truth type: persistent delay-choice cell — the ALM preparatory motif of Li/Inagaki/Svoboda.
right ALM,62,5,True,0.9399823908740993,6.577945969405468,0.015168281678354168,0.006562840379774571,0.0855120927105569,0.011547494785529999,8.771929740905762,Left,delay_choice,Choice-discriminative delay rate (d′=6.58 vs other actions; prefers Left). | SPEC-TCNN neuron attention is high (a=0.086); the unit is used as past context. | Occluding this unit raises lick-raster prediction error (ΔMSE gain=0.012). | Ground-truth type: persistent delay-choice cell — the ALM preparatory motif of Li/Inagaki/Svoboda.
left ALM,5,4,True,0.885106547807391,7.431353096108261,0.0,0.010398639552295207,0.11926723964687834,0.0,10.482455253601074,Right,delay_choice,Choice-discriminative delay rate (d′=7.43 vs other actions; prefers Right). | SPEC-TCNN neuron attention is high (a=0.119); the unit is used as past context. | Ground-truth type: persistent delay-choice cell — the ALM preparatory motif of Li/Inagaki/Svoboda.
right ALM,101,44,True,0.8730266211996951,2.1762130355841056,0.24351860337622877,0.0022954246029257773,0.0010480432766425945,0.061333065389145756,5.263157844543457,Left,delay_ramp,Choice-discriminative delay rate (d′=2.18 vs other actions; prefers Left). | SPEC-TCNN neuron attention is high (a=0.001); the unit is used as past context. | Occluding this unit raises lick-raster prediction error (ΔMSE gain=0.061). | Ground-truth type: delay-ramping preparatory cell — the ALM preparatory motif of Li/Inagaki/Svoboda.
right ALM,78,21,True,0.7493639209724801,4.1581731909553215,0.07994247857286686,0.005532594956457615,0.007605602723723465,0.03847169273703722,8.684210777282715,Left,delay_choice,Choice-discriminative delay rate (d′=4.16 vs other actions; prefers Left). | SPEC-TCNN neuron attention is high (a=0.008); the unit is used as past context. | Occluding this unit raises lick-raster prediction error (ΔMSE gain=0.038). | Ground-truth type: persistent delay-choice cell — the ALM preparatory motif of Li/Inagaki/Svoboda.
left ALM,34,33,True,0.7248093497085484,5.538459885059949,0.05656286280173216,0.00890321061015129,0.017965878605850572,0.0358925706771779,8.201754570007324,Right,delay_choice,Choice-discriminative delay rate (d′=5.54 vs other actions; prefers Right). | SPEC-TCNN neuron attention is high (a=0.018); the unit is used as past context. | Occluding this unit raises lick-raster prediction error (ΔMSE gain=0.036). | Ground-truth type: persistent delay-choice cell — the ALM preparatory motif of Li/Inagaki/Svoboda.
right ALM,88,31,True,0.6663389312061266,2.4974650318270144,0.16909559322317766,0.003014763630926609,0.001445097435574146,0.048875678244934946,4.254385471343994,Left,delay_ramp,Choice-discriminative delay rate (d′=2.50 vs other actions; prefers Left). | SPEC-TCNN neuron attention is high (a=0.001); the unit is used as past context. | Occluding this unit raises lick-raster prediction error (ΔMSE gain=0.049). | Ground-truth type: delay-ramping preparatory cell — the ALM preparatory motif of Li/Inagaki/Svoboda.
right Striatum,174,5,True,0.6217749347288369,0.6086430559472936,0.15482658989536258,0.001712050847709179,0.0050907463832745425,0.01910179476688701,2.3684210777282715,Left,tonic,SPEC-TCNN neuron attention is high (a=0.005); the unit is used as past context. | Occluding this unit raises lick-raster prediction error (ΔMSE gain=0.019).
left Striatum,141,28,True,0.6046615697145481,2.782020986476163,0.0,0.0032538050785660745,0.057516931113079706,0.0,4.166666507720947,Right,delay_ramp,Choice-discriminative delay rate (d′=2.78 vs other actions; prefers Right). | SPEC-TCNN neuron attention is high (a=0.058); the unit is used as past context. | Ground-truth type: delay-ramping preparatory cell — the ALM preparatory motif of Li/Inagaki/Svoboda.
right ALM,60,3,True,0.5683325234826754,4.048584194046985,0.05996923014992551,0.005235644988715649,0.006816155474291505,0.028099118770033484,8.421052932739258,Left,delay_choice,Choice-discriminative delay rate (d′=4.05 vs other actions; prefers Left). | SPEC-TCNN neuron attention is high (a=0.007); the unit is used as past context. | Occluding this unit raises lick-raster prediction error (ΔMSE gain=0.028). | Ground-truth type: persistent delay-choice cell — the ALM preparatory motif of Li/Inagaki/Svoboda.
right Striatum,193,24,True,0.5584148035426328,0.9246466117560983,0.09641651889041973,0.0023291138000786304,0.006982646628317522,0.018071457772285672,1.666666865348816,Left,lick_burst,Choice-discriminative delay rate (d′=0.92 vs other actions; prefers Left). | SPEC-TCNN neuron attention is high (a=0.007); the unit is used as past context. | Occluding this unit raises lick-raster prediction error (ΔMSE gain=0.018).
right ALM,108,51,True,0.5376876778075048,4.430831744402011,0.05841042940709709,0.0040083367377519614,0.009989589735172867,0.029952753142117018,8.903509140014648,Left,delay_choice,Choice-discriminative delay rate (d′=4.43 vs other actions; prefers Left). | SPEC-TCNN neuron attention is high (a=0.010); the unit is used as past context. | Occluding this unit raises lick-raster prediction error (ΔMSE gain=0.030). | Ground-truth type: persistent delay-choice cell — the ALM preparatory motif of Li/Inagaki/Svoboda.
left ALM,11,10,True,0.5291688765202753,4.810428190993408,0.042273500855803156,0.011276667378842831,0.008674973002984568,0.02329893583701687,9.078947067260742,Right,delay_choice,Choice-discriminative delay rate (d′=4.81 vs other actions; prefers Right). | SPEC-TCNN neuron attention is high (a=0.009); the unit is used as past context. | Occluding this unit raises lick-raster prediction error (ΔMSE gain=0.023). | Ground-truth type: persistent delay-choice cell — the ALM preparatory motif of Li/Inagaki/Svoboda.
left ALM,1,0,True,0.450621157563622,6.313774238036586,0.0,0.011179444007575512,0.039008854427233196,0.0,9.078947067260742,Right,delay_choice,Choice-discriminative delay rate (d′=6.31 vs other actions; prefers Right). | SPEC-TCNN neuron attention is high (a=0.039); the unit is used as past context. | Ground-truth type: persistent delay-choice cell — the ALM preparatory motif of Li/Inagaki/Svoboda.
left ALM,3,2,True,0.4454938859622644,4.107511831882259,0.0494524327941768,0.010486182197928429,0.004295320045341374,0.02327290735180121,9.780701637268066,Right,delay_choice,Choice-discriminative delay rate (d′=4.11 vs other actions; prefers Right). | SPEC-TCNN neuron attention is high (a=0.004); the unit is used as past context. | Occluding this unit raises lick-raster prediction error (ΔMSE gain=0.023). | Ground-truth type: persistent delay-choice cell — the ALM preparatory motif of Li/Inagaki/Svoboda.
right Striatum,180,11,True,0.4047415971530694,0.9893043625028952,0.07485850492630496,0.0020505907014012337,0.007449044474901927,0.015011947235283138,2.1052632331848145,Right,lick_burst,Choice-discriminative delay rate (d′=0.99 vs other actions; prefers Right). | SPEC-TCNN neuron attention is high (a=0.007); the unit is used as past context. | Occluding this unit raises lick-raster prediction error (ΔMSE gain=0.015).
left Striatum,161,48,True,0.3944330411112056,1.1927068842741397,0.10659667122794807,0.0006538750603795052,0.011737224525857641,0.030154963487915316,2.5438594818115234,Right,lick_burst,Choice-discriminative delay rate (d′=1.19 vs other actions; prefers Right). | SPEC-TCNN neuron attention is high (a=0.012); the unit is used as past context. | Occluding this unit raises lick-raster prediction error (ΔMSE gain=0.030).
right Striatum,189,20,True,0.32634257148192375,0.7838247070474716,0.07540481630154935,0.0023824371397495273,0.006065433916995519,0.011980749195332574,2.3684210777282715,Left,lick_burst,SPEC-TCNN neuron attention is high (a=0.006); the unit is used as past context. | Occluding this unit raises lick-raster prediction error (ΔMSE gain=0.012).
left Striatum,142,29,True,0.30519339006246754,2.1802570517220503,0.0013227375396066966,0.00390745559707284,0.03151033645142082,0.0006840106208934622,2.3684210777282715,Right,lick_burst,Choice-discriminative delay rate (d′=2.18 vs other actions; prefers Right). | SPEC-TCNN neuron attention is high (a=0.032); the unit is used as past context. | Occluding this unit raises lick-raster prediction error (ΔMSE gain=0.001).
right Striatum,218,49,True,0.30097508522140226,2.014098585406632,0.0,0.0035179734230041506,0.020756927498156344,0.0,3.3333330154418945,Left,delay_ramp,Choice-discriminative delay rate (d′=2.01 vs other actions; prefers Left). | SPEC-TCNN neuron attention is high (a=0.021); the unit is used as past context. | Ground-truth type: delay-ramping preparatory cell — the ALM preparatory motif of Li/Inagaki/Svoboda.
right Striatum,217,48,True,0.2846551354196331,0.6342692293937119,0.10188576263657045,0.0013935444876551628,0.005222888699577208,0.013099451291010495,2.4561405181884766,Left,lick_burst,SPEC-TCNN neuron attention is high (a=0.005); the unit is used as past context. | Occluding this unit raises lick-raster prediction error (ΔMSE gain=0.013).
right Striatum,220,51,True,0.28246483648871806,0.44393714399236955,0.09989994678130139,0.0025969335809350015,0.0043176814407964465,0.008989855363092318,2.412280321121216,Ignore,tonic,SPEC-TCNN neuron attention is high (a=0.004); the unit is used as past context. | Occluding this unit raises lick-raster prediction error (ΔMSE gain=0.009).
left Striatum,167,54,True,0.25848363211195646,1.656291345117056,0.014677112513053153,0.005396128445863724,0.01865939769363389,0.005765790013742663,2.7192981243133545,Right,lick_burst,Choice-discriminative delay rate (d′=1.66 vs other actions; prefers Right). | SPEC-TCNN neuron attention is high (a=0.019); the unit is used as past context. | Occluding this unit raises lick-raster prediction error (ΔMSE gain=0.006).
left Striatum,132,19,True,0.25604192428645134,0.47639932835873977,0.17830790835301122,0.002051346004009247,0.004685423804957779,0.011604668073040149,0.5263158082962036,Right,delay_suppress,SPEC-TCNN neuron attention is high (a=0.005); the unit is used as past context. | Occluding this unit raises lick-raster prediction error (ΔMSE gain=0.012).
right Striatum,178,9,True,0.22313480642526798,1.019755247321622,0.03751366489422245,0.0028332559391856193,0.007679363347717075,0.007754457095550691,2.3684210777282715,Ignore,tonic,Choice-discriminative delay rate (d′=1.02 vs other actions; prefers Ignore). | SPEC-TCNN neuron attention is high (a=0.008); the unit is used as past context. | Occluding this unit raises lick-raster prediction error (ΔMSE gain=0.008).
left Striatum,144,31,True,0.10384147735590864,0.6936531454466098,0.07290691768028017,0.003920276742428541,0.007125726726310548,0.011994787849438849,2.2807016372680664,Ignore,sample_sensory,SPEC-TCNN neuron attention is high (a=0.007); the unit is used as past context. | Occluding this unit raises lick-raster prediction error (ΔMSE gain=0.012).
right ALM,93,36,False,0.47335461484225916,5.608506365327813,0.0,0.005907509103417397,0.03243434258553817,0.0,8.640350341796875,Left,delay_choice,Choice-discriminative delay rate (d′=5.61 vs other actions; prefers Left). | SPEC-TCNN neuron attention is high (a=0.032); the unit is used as past context. | Ground-truth type: persistent delay-choice cell — the ALM preparatory motif of Li/Inagaki/Svoboda.
left ALM,7,6,False,0.4320727138012891,4.066381443316368,0.06223893987695715,0.0070804920047521595,0.004122235138909157,0.02899709165342636,8.859648704528809,Right,delay_choice,Choice-discriminative delay rate (d′=4.07 vs other actions; prefers Right). | SPEC-TCNN neuron attention is high (a=0.004); the unit is used as past context. | Occluding this unit raises lick-raster prediction error (ΔMSE gain=0.029). | Ground-truth type: persistent delay-choice cell — the ALM preparatory motif of Li/Inagaki/Svoboda.
left ALM,6,5,False,0.4317227792930908,3.6428206449767515,0.061682946300338895,0.009561129659414292,0.0026988740511123947,0.025744652359645633,8.508770942687988,Right,delay_choice,Choice-discriminative delay rate (d′=3.64 vs other actions; prefers Right). | SPEC-TCNN neuron attention is high (a=0.003); the unit is used as past context. | Occluding this unit raises lick-raster prediction error (ΔMSE gain=0.026). | Ground-truth type: persistent delay-choice cell — the ALM preparatory motif of Li/Inagaki/Svoboda.
right ALM,58,1,False,0.3882035898008822,4.862354099528282,0.025333217496293865,0.0041236113756895065,0.01537996815688372,0.014256011083371796,10.394736289978027,Left,delay_choice,Choice-discriminative delay rate (d′=4.86 vs other actions; prefers Left). | SPEC-TCNN neuron attention is high (a=0.015); the unit is used as past context. | Occluding this unit raises lick-raster prediction error (ΔMSE gain=0.014). | Ground-truth type: persistent delay-choice cell — the ALM preparatory motif of Li/Inagaki/Svoboda.
left ALM,36,35,False,0.2319256668878671,4.159164316373825,0.0,0.01563049666583538,0.004523013611752954,0.0,9.912280082702637,Right,delay_choice,Choice-discriminative delay rate (d′=4.16 vs other actions; prefers Right). | SPEC-TCNN neuron attention is high (a=0.005); the unit is used as past context. | Ground-truth type: persistent delay-choice cell — the ALM preparatory motif of Li/Inagaki/Svoboda.
right ALM,59,2,False,0.21862307546829357,4.455044751546025,0.0,0.005190259963274002,0.010234418078730007,0.0,8.070174217224121,Left,delay_choice,Choice-discriminative delay rate (d′=4.46 vs other actions; prefers Left). | SPEC-TCNN neuron attention is high (a=0.010); the unit is used as past context. | Ground-truth type: persistent delay-choice cell — the ALM preparatory motif of Li/Inagaki/Svoboda.
left ALM,24,23,False,0.16864906227647666,1.699631463637795,0.1104071228121717,0.002670563757419586,0.0003866039572582074,0.021499877742368678,4.780701637268066,Right,delay_ramp,Choice-discriminative delay rate (d′=1.70 vs other actions; prefers Right). | SPEC-TCNN neuron attention is high (a=0.000); the unit is used as past context. | Occluding this unit raises lick-raster prediction error (ΔMSE gain=0.021). | Ground-truth type: delay-ramping preparatory cell — the ALM preparatory motif of Li/Inagaki/Svoboda.
left ALM,54,53,False,0.16550820285257942,2.4099893984743823,0.0745766061084364,0.0048018284142017365,0.0007866305578102163,0.020592158790148217,3.9912281036376953,Right,delay_ramp,Choice-discriminative delay rate (d′=2.41 vs other actions; prefers Right). | SPEC-TCNN neuron attention is high (a=0.001); the unit is used as past context. | Occluding this unit raises lick-raster prediction error (ΔMSE gain=0.021). | Ground-truth type: delay-ramping preparatory cell — the ALM preparatory motif of Li/Inagaki/Svoboda.
left ALM,46,45,False,0.152523824597248,4.054049631805337,0.02534861225301732,0.00710940882563591,0.004071712054086481,0.01177409059371853,9.298245429992676,Right,delay_choice,Choice-discriminative delay rate (d′=4.05 vs other actions; prefers Right). | SPEC-TCNN neuron attention is high (a=0.004); the unit is used as past context. | Occluding this unit raises lick-raster prediction error (ΔMSE gain=0.012). | Ground-truth type: persistent delay-choice cell — the ALM preparatory motif of Li/Inagaki/Svoboda.
right Striatum,188,19,False,0.14737214353555095,1.7467360450817577,0.005459503795936848,0.002418177388608456,0.01588725875287978,0.0019330647932804474,3.8157894611358643,Left,delay_ramp,Choice-discriminative delay rate (d′=1.75 vs other actions; prefers Left). | SPEC-TCNN neuron attention is high (a=0.016); the unit is used as past context. | Occluding this unit raises lick-raster prediction error (ΔMSE gain=0.002). | Ground-truth type: delay-ramping preparatory cell — the ALM preparatory motif of Li/Inagaki/Svoboda.
right Striatum,173,4,False,0.1381003595968377,1.1498339877222499,0.049738554677369845,0.0018457088619470597,0.005261050026607453,0.00646828436362553,4.561403274536133,Left,delay_ramp,Choice-discriminative delay rate (d′=1.15 vs other actions; prefers Left). | SPEC-TCNN neuron attention is high (a=0.005); the unit is used as past context. | Occluding this unit raises lick-raster prediction error (ΔMSE gain=0.006). | Ground-truth type: delay-ramping preparatory cell — the ALM preparatory motif of Li/Inagaki/Svoboda.
right ALM,84,27,False,0.12260431727573788,2.4824208375620094,0.0667133763449489,0.002794586680829525,0.00142351979913932,0.019166791433869724,4.736842155456543,Left,delay_ramp,Choice-discriminative delay rate (d′=2.48 vs other actions; prefers Left). | SPEC-TCNN neuron attention is high (a=0.001); the unit is used as past context. | Occluding this unit raises lick-raster prediction error (ΔMSE gain=0.019). | Ground-truth type: delay-ramping preparatory cell — the ALM preparatory motif of Li/Inagaki/Svoboda.
right Striatum,196,27,False,0.1188887564388852,2.236068006021719,0.0,0.0013191862031817435,0.02591571165443863,0.0,0.48245614767074585,Ignore,sparse,Choice-discriminative delay rate (d′=2.24 vs other actions; prefers Ignore). | SPEC-TCNN neuron attention is high (a=0.026); the unit is used as past context.
right Striatum,182,13,False,0.11791685437801519,0.9413161135865619,0.04609594489266924,0.0016764085739850998,0.007100019494961744,0.008795573796499064,2.850877046585083,Right,tonic,Choice-discriminative delay rate (d′=0.94 vs other actions; prefers Right). | SPEC-TCNN neuron attention is high (a=0.007); the unit is used as past context. | Occluding this unit raises lick-raster prediction error (ΔMSE gain=0.009).
right ALM,67,10,False,0.09490946357025629,1.3461825329982637,0.05639888969177118,0.005835255049169064,0.0003470671831032844,0.006991042991328145,3.9473679065704346,Left,delay_ramp,Choice-discriminative delay rate (d′=1.35 vs other actions; prefers Left). | SPEC-TCNN neuron attention is high (a=0.000); the unit is used as past context. | Occluding this unit raises lick-raster prediction error (ΔMSE gain=0.007). | Ground-truth type: delay-ramping preparatory cell — the ALM preparatory motif of Li/Inagaki/Svoboda.
left Striatum,129,16,False,0.08838478911470371,1.403033737422362,0.0,0.006049393862485886,0.01448469252568344,0.0,4.385964870452881,Right,delay_ramp,Choice-discriminative delay rate (d′=1.40 vs other actions; prefers Right). | SPEC-TCNN neuron attention is high (a=0.014); the unit is used as past context. | Ground-truth type: delay-ramping preparatory cell — the ALM preparatory motif of Li/Inagaki/Svoboda.
left Striatum,150,37,False,0.07540798968053249,0.826023170010799,0.08783183251543902,0.0007412787526845932,0.008134235118788817,0.017207811070497063,3.464911937713623,Right,lick_burst,Choice-discriminative delay rate (d′=0.83 vs other actions; prefers Right). | SPEC-TCNN neuron attention is high (a=0.008); the unit is used as past context. | Occluding this unit raises lick-raster prediction error (ΔMSE gain=0.017).
right Striatum,208,39,False,0.07275724367257747,1.2983127389221913,0.023172105376950896,0.0016200365498661995,0.010146148600747886,0.006098328058164739,0.6140351295471191,Right,delay_suppress,Choice-discriminative delay rate (d′=1.30 vs other actions; prefers Right). | SPEC-TCNN neuron attention is high (a=0.010); the unit is used as past context. | Occluding this unit raises lick-raster prediction error (ΔMSE gain=0.006).
right Striatum,192,23,False,0.062068258062613485,0.28782561641333,0.08003210201385869,0.0024082547053694723,0.0036936200342846423,0.004669384304474135,2.236841917037964,Ignore,tonic,SPEC-TCNN neuron attention is high (a=0.004); the unit is used as past context. | Occluding this unit raises lick-raster prediction error (ΔMSE gain=0.005).
left Striatum,126,13,False,0.058448472536936066,0.5640761799615348,0.11529653653150955,0.000669778510928154,0.006259715498535296,0.015425366316412463,2.149122953414917,Right,tonic,SPEC-TCNN neuron attention is high (a=0.006); the unit is used as past context. | Occluding this unit raises lick-raster prediction error (ΔMSE gain=0.015).
right Striatum,191,22,False,0.05343969552233807,0.40620060552925025,0.15315757628353022,0.0004894394427537918,0.002984672439636908,0.002319396822133305,2.850877285003662,Ignore,lick_burst,SPEC-TCNN neuron attention is high (a=0.003); the unit is used as past context. | Occluding this unit raises lick-raster prediction error (ΔMSE gain=0.002).
left Striatum,124,11,False,0.03438369393197013,0.49589596849955636,0.0929578900197749,0.002798351086676121,0.005847150994465855,0.010933477283669087,2.4561402797698975,Left,tonic,SPEC-TCNN neuron attention is high (a=0.006); the unit is used as past context. | Occluding this unit raises lick-raster prediction error (ΔMSE gain=0.011).
right ALM,100,43,False,0.03281885023516454,3.6687194124019147,0.0,0.004165089689195156,0.00466193755096669,0.0,7.8947367668151855,Left,delay_choice,Choice-discriminative delay rate (d′=3.67 vs other actions; prefers Left). | SPEC-TCNN neuron attention is high (a=0.005); the unit is used as past context. | Ground-truth type: persistent delay-choice cell — the ALM preparatory motif of Li/Inagaki/Svoboda.
right ALM,57,0,False,0.0275323967417946,3.871070853402563,0.0,0.003765194118022919,0.005707507861982838,0.0,8.596491813659668,Left,delay_choice,Choice-discriminative delay rate (d′=3.87 vs other actions; prefers Left). | SPEC-TCNN neuron attention is high (a=0.006); the unit is used as past context. | Ground-truth type: persistent delay-choice cell — the ALM preparatory motif of Li/Inagaki/Svoboda.
left Striatum,117,4,False,0.02074553105599012,1.277231941319098,0.035831779237446126,0.0013468168675899506,0.012772449686642307,0.010854744405360352,2.324561357498169,Right,lick_burst,Choice-discriminative delay rate (d′=1.28 vs other actions; prefers Right). | SPEC-TCNN neuron attention is high (a=0.013); the unit is used as past context. | Occluding this unit raises lick-raster prediction error (ΔMSE gain=0.011).
right Striatum,195,26,False,0.009373453072510432,0.45542713925871986,0.07644935383879274,0.0022495100274682045,0.0031519316199497284,0.0020027042293724005,0.7017543315887451,Ignore,delay_suppress,SPEC-TCNN neuron attention is high (a=0.003); the unit is used as past context. | Occluding this unit raises lick-raster prediction error (ΔMSE gain=0.002).
left ALM,52,51,False,0.009295582817584077,4.862357894586499,0.0,0.0054599795490503315,0.009137366039917659,0.0,10.789472579956055,Right,delay_choice,Choice-discriminative delay rate (d′=4.86 vs other actions; prefers Right). | SPEC-TCNN neuron attention is high (a=0.009); the unit is used as past context. | Ground-truth type: persistent delay-choice cell — the ALM preparatory motif of Li/Inagaki/Svoboda.
right ALM,99,42,False,0.006892562055057376,1.2758943488944514,0.09568981205413239,0.0027160065248608587,0.00042596675253322633,0.014129978714293718,2.5,Left,tonic,Choice-discriminative delay rate (d′=1.28 vs other actions; prefers Left). | SPEC-TCNN neuron attention is high (a=0.000); the unit is used as past context. | Occluding this unit raises lick-raster prediction error (ΔMSE gain=0.014).
right ALM,65,8,False,0.006529310670834787,3.8334978280344987,0.0,0.0035589054226875306,0.0054970378683518745,0.0,5.307017803192139,Left,delay_ramp,Choice-discriminative delay rate (d′=3.83 vs other actions; prefers Left). | SPEC-TCNN neuron attention is high (a=0.005); the unit is used as past context. | Ground-truth type: delay-ramping preparatory cell — the ALM preparatory motif of Li/Inagaki/Svoboda.
left Striatum,122,9,False,-0.008640887411739837,1.5123567027657683,0.0,0.003559970669448376,0.016157998500300846,0.0,3.289473533630371,Left,sample_sensory,Choice-discriminative delay rate (d′=1.51 vs other actions; prefers Left). | SPEC-TCNN neuron attention is high (a=0.016); the unit is used as past context.
right Striatum,194,25,False,-0.02229730475148964,0.42010130249592087,0.10068491028141983,0.00010267943143844604,0.00421598261231326,0.008574017246608721,3.1578948497772217,Right,lick_burst,SPEC-TCNN neuron attention is high (a=0.004); the unit is used as past context. | Occluding this unit raises lick-raster prediction error (ΔMSE gain=0.009).
right ALM,64,7,False,-0.036422368861090085,1.2406618793633704,0.1035611149422426,0.0018726792186498642,0.0004112201655124756,0.014870008690067103,4.6052632331848145,Left,delay_ramp,Choice-discriminative delay rate (d′=1.24 vs other actions; prefers Left). | SPEC-TCNN neuron attention is high (a=0.000); the unit is used as past context. | Occluding this unit raises lick-raster prediction error (ΔMSE gain=0.015). | Ground-truth type: delay-ramping preparatory cell — the ALM preparatory motif of Li/Inagaki/Svoboda.
left Striatum,123,10,False,-0.042449343343208476,1.6221156452707217,0.0008258219471961043,0.002077530510723591,0.018032472553993494,0.00031772375385783814,0.7017543315887451,Left,delay_suppress,Choice-discriminative delay rate (d′=1.62 vs other actions; prefers Left). | SPEC-TCNN neuron attention is high (a=0.018); the unit is used as past context. | Occluding this unit raises lick-raster prediction error (ΔMSE gain=0.000).
left ALM,53,52,False,-0.0502077152109537,0.5051132711036936,0.13537559326871285,0.0018710892647504807,7.761895700415745e-05,0.0014586393691035208,2.9824559688568115,Ignore,tonic,SPEC-TCNN neuron attention is high (a=0.000); the unit is used as past context. | Occluding this unit raises lick-raster prediction error (ΔMSE gain=0.001).
left ALM,14,13,False,-0.061122204987050455,3.4463117740222384,0.0,0.008516393974423409,0.002217378813157948,0.0,8.991228103637695,Right,delay_choice,Choice-discriminative delay rate (d′=3.45 vs other actions; prefers Right). | SPEC-TCNN neuron attention is high (a=0.002); the unit is used as past context. | Ground-truth type: persistent delay-choice cell — the ALM preparatory motif of Li/Inagaki/Svoboda.
left ALM,2,1,False,-0.0632507214616688,4.281946119790604,0.0,0.005446510761976242,0.0051138869807105455,0.0,8.1578950881958,Right,delay_choice,Choice-discriminative delay rate (d′=4.28 vs other actions; prefers Right). | SPEC-TCNN neuron attention is high (a=0.005); the unit is used as past context. | Ground-truth type: persistent delay-choice cell — the ALM preparatory motif of Li/Inagaki/Svoboda.
left ALM,18,17,False,-0.06873053947773361,1.1244284350506097,0.08100734852628433,0.0032303774729371074,0.00021749978475163966,0.010436152217226833,2.850877046585083,Left,lick_burst,Choice-discriminative delay rate (d′=1.12 vs other actions; prefers Left). | SPEC-TCNN neuron attention is high (a=0.000); the unit is used as past context. | Occluding this unit raises lick-raster prediction error (ΔMSE gain=0.010).
left Striatum,155,42,False,-0.0716116942476218,0.22879101128992374,0.11428968869365518,0.0020182069391012194,0.004476536141627146,0.006201938736730828,2.499999761581421,Ignore,lick_burst,SPEC-TCNN neuron attention is high (a=0.004); the unit is used as past context. | Occluding this unit raises lick-raster prediction error (ΔMSE gain=0.006).
right ALM,96,39,False,-0.08068283558983791,1.0542551555779271,0.07597202311799399,0.0031123464927077294,0.00034128640494824356,0.009269589188153678,4.736841678619385,Left,delay_ramp,Choice-discriminative delay rate (d′=1.05 vs other actions; prefers Left). | SPEC-TCNN neuron attention is high (a=0.000); the unit is used as past context. | Occluding this unit raises lick-raster prediction error (ΔMSE gain=0.009). | Ground-truth type: delay-ramping preparatory cell — the ALM preparatory motif of Li/Inagaki/Svoboda.
right Striatum,186,17,False,-0.08584903028424137,0.11876491167039605,0.09947555896576529,0.001531224884092808,0.0029880912390690237,0.0015295278716662252,2.763157844543457,Right,lick_burst,SPEC-TCNN neuron attention is high (a=0.003); the unit is used as past context. | Occluding this unit raises lick-raster prediction error (ΔMSE gain=0.002).
left ALM,9,8,False,-0.11188712681491945,4.055806609901258,0.0,0.004693285003304482,0.0040788729317779975,0.0,4.342105865478516,Right,delay_ramp,Choice-discriminative delay rate (d′=4.06 vs other actions; prefers Right). | SPEC-TCNN neuron attention is high (a=0.004); the unit is used as past context. | Ground-truth type: delay-ramping preparatory cell — the ALM preparatory motif of Li/Inagaki/Svoboda.
right Striatum,204,35,False,-0.11192163743943517,0.12394642679430247,0.12010837011185023,0.0004317339509725571,0.003135309302599959,0.003017680423031052,1.9298244714736938,Left,tonic,SPEC-TCNN neuron attention is high (a=0.003); the unit is used as past context. | Occluding this unit raises lick-raster prediction error (ΔMSE gain=0.003).
left ALM,40,39,False,-0.11303157588509315,3.722434149781262,0.0,0.005852472968399525,0.0029225261248450513,0.0,5.350877285003662,Right,delay_ramp,Choice-discriminative delay rate (d′=3.72 vs other actions; prefers Right). | SPEC-TCNN neuron attention is high (a=0.003); the unit is used as past context. | Ground-truth type: delay-ramping preparatory cell — the ALM preparatory motif of Li/Inagaki/Svoboda.
right Striatum,203,34,False,-0.1138863305842601,8.92080627005079e-08,0.1326332682433591,0.000871768407523632,0.002769817659794903,2.3984051367126466e-09,0.8333332538604736,Right,sparse,SPEC-TCNN neuron attention is high (a=0.003); the unit is used as past context. | Occluding this unit raises lick-raster prediction error (ΔMSE gain=0.000).
right Striatum,170,1,False,-0.12079588574369039,1.023761561191385,0.0,0.002387680858373642,0.007710190634492377,0.0,2.8070175647735596,Right,sample_sensory,Choice-discriminative delay rate (d′=1.02 vs other actions; prefers Right). | SPEC-TCNN neuron attention is high (a=0.008); the unit is used as past context.
left Striatum,115,2,False,-0.1272746247484563,0.31622766176498485,0.09772116709183949,0.0012717697769403457,0.004885571286885231,0.007329426257774485,2.412280559539795,Ignore,sample_sensory,SPEC-TCNN neuron attention is high (a=0.005); the unit is used as past context. | Occluding this unit raises lick-raster prediction error (ΔMSE gain=0.007).
right ALM,95,38,False,-0.13138492957795223,1.8551203189338727,0.008921308689180549,0.0043168216943740845,0.0007602042865980821,0.0019154098588779432,5.219297885894775,Left,delay_ramp,Choice-discriminative delay rate (d′=1.86 vs other actions; prefers Left). | SPEC-TCNN neuron attention is high (a=0.001); the unit is used as past context. | Occluding this unit raises lick-raster prediction error (ΔMSE gain=0.002). | Ground-truth type: delay-ramping preparatory cell — the ALM preparatory motif of Li/Inagaki/Svoboda.
left ALM,50,49,False,-0.1395899945792054,1.0024090165009358,0.08583478007216756,0.000869649276137352,0.00019251581987846165,0.009858081095984645,2.324561595916748,Ignore,lick_burst,Choice-discriminative delay rate (d′=1.00 vs other actions; prefers Ignore). | SPEC-TCNN neuron attention is high (a=0.000); the unit is used as past context. | Occluding this unit raises lick-raster prediction error (ΔMSE gain=0.010).
right ALM,82,25,False,-0.14412221345936943,2.124727675284771,0.027987705989739726,0.002571665681898594,0.0009954497250828423,0.006882269289765297,4.956140041351318,Left,delay_ramp,Choice-discriminative delay rate (d′=2.12 vs other actions; prefers Left). | SPEC-TCNN neuron attention is high (a=0.001); the unit is used as past context. | Occluding this unit raises lick-raster prediction error (ΔMSE gain=0.007). | Ground-truth type: delay-ramping preparatory cell — the ALM preparatory motif of Li/Inagaki/Svoboda.
right Striatum,199,30,False,-0.15940777258523803,0.8798090174638432,0.0,0.0023810663260519505,0.006676476406885715,0.0,2.1052629947662354,Left,sample_sensory,Choice-discriminative delay rate (d′=0.88 vs other actions; prefers Left). | SPEC-TCNN neuron attention is high (a=0.007); the unit is used as past context.
right Striatum,175,6,False,-0.17221893230409155,0.16477054182097897,0.05528057638448983,0.0018912455067038535,0.0032659541164930007,0.0018463672678181195,2.6315786838531494,Right,tonic,SPEC-TCNN neuron attention is high (a=0.003); the unit is used as past context. | Occluding this unit raises lick-raster prediction error (ΔMSE gain=0.002).
right Striatum,222,53,False,-0.1785771375995434,0.29977084588753405,0.05586953391582555,0.001252652145922184,0.0037380057006937916,0.003394926506676644,1.9736841917037964,Left,tonic,SPEC-TCNN neuron attention is high (a=0.004); the unit is used as past context. | Occluding this unit raises lick-raster prediction error (ΔMSE gain=0.003).
right Striatum,176,7,False,-0.18331852356109357,1.277810501407667,0.0,0.001268082857131958,0.009940246870279133,0.0,4.868420600891113,Left,delay_ramp,Choice-discriminative delay rate (d′=1.28 vs other actions; prefers Left). | SPEC-TCNN neuron attention is high (a=0.010); the unit is used as past context. | Ground-truth type: delay-ramping preparatory cell — the ALM preparatory motif of Li/Inagaki/Svoboda.
left ALM,28,27,False,-0.18491894759124405,3.1664432779204077,0.0,0.00538265984505415,0.001676079872558344,0.0,4.912281036376953,Right,delay_ramp,Choice-discriminative delay rate (d′=3.17 vs other actions; prefers Right). | SPEC-TCNN neuron attention is high (a=0.002); the unit is used as past context. | Ground-truth type: delay-ramping preparatory cell — the ALM preparatory motif of Li/Inagaki/Svoboda.
right Striatum,185,16,False,-0.19671191494696375,0.6307779775835433,0.028236935526524554,0.0011394087225198746,0.005204686224100057,0.0036104394464955753,3.0701754093170166,Left,sample_sensory,SPEC-TCNN neuron attention is high (a=0.005); the unit is used as past context. | Occluding this unit raises lick-raster prediction error (ΔMSE gain=0.004).
right Striatum,169,0,False,-0.19931241699834437,0.9239948519181119,0.016447395928761745,0.0009065678343176842,0.0069780969841453915,0.0030805811101597643,2.324561357498169,Ignore,lick_burst,Choice-discriminative delay rate (d′=0.92 vs other actions; prefers Ignore). | SPEC-TCNN neuron attention is high (a=0.007); the unit is used as past context. | Occluding this unit raises lick-raster prediction error (ΔMSE gain=0.003).
right ALM,76,19,False,-0.2006108972867831,3.162277515410793,0.0008248156103095682,0.0019194390624761581,0.002809450956715434,0.00030186858417782195,5.0,Left,delay_ramp,Choice-discriminative delay rate (d′=3.16 vs other actions; prefers Left). | SPEC-TCNN neuron attention is high (a=0.003); the unit is used as past context. | Occluding this unit raises lick-raster prediction error (ΔMSE gain=0.000). | Ground-truth type: delay-ramping preparatory cell — the ALM preparatory motif of Li/Inagaki/Svoboda.
left Striatum,136,23,False,-0.21008613420818456,0.6077489047405623,0.024759659234595183,0.004015275184065104,0.004222869051538149,0.0010010112676359865,2.1052629947662354,Left,tonic,SPEC-TCNN neuron attention is high (a=0.004); the unit is used as past context. | Occluding this unit raises lick-raster prediction error (ΔMSE gain=0.001).
left Striatum,164,51,False,-0.21150280106573222,1.2723778957790592,0.0,0.0014339083805680274,0.012710601384804995,0.0,2.2807016372680664,Ignore,lick_burst,Choice-discriminative delay rate (d′=1.27 vs other actions; prefers Ignore). | SPEC-TCNN neuron attention is high (a=0.013); the unit is used as past context.
right Striatum,179,10,False,-0.23115186345104682,0.7093084912104363,0.0,0.002143997512757778,0.005629890018699679,0.0,2.7192983627319336,Left,lick_burst,SPEC-TCNN neuron attention is high (a=0.006); the unit is used as past context.
right Striatum,183,14,False,-0.2417064224123396,0.26997047410373637,0.07673896356500585,0.0006551621481776237,0.00295207009098461,0.000991273323512614,2.0175440311431885,Left,tonic,SPEC-TCNN neuron attention is high (a=0.003); the unit is used as past context. | Occluding this unit raises lick-raster prediction error (ΔMSE gain=0.001).
left Striatum,163,50,False,-0.24316948543677247,0.9076506152881316,0.0,0.003044643998146057,0.008826064342080747,0.0,2.5,Ignore,lick_burst,Choice-discriminative delay rate (d′=0.91 vs other actions; prefers Ignore). | SPEC-TCNN neuron attention is high (a=0.009); the unit is used as past context.
right Striatum,171,2,False,-0.24390355134581723,0.7075676246982375,0.0,0.0020390328019857405,0.005620097622093438,0.0,2.412280559539795,Ignore,lick_burst,SPEC-TCNN neuron attention is high (a=0.006); the unit is used as past context.
left Striatum,158,45,False,-0.2456941532166465,0.41215420866037206,0.07408846940301653,0.0008772848173975945,0.004367849573987066,0.003588507595966378,2.763158082962036,Ignore,tonic,SPEC-TCNN neuron attention is high (a=0.004); the unit is used as past context. | Occluding this unit raises lick-raster prediction error (ΔMSE gain=0.004).
right ALM,94,37,False,-0.2586008632807899,2.859545333914048,0.0,0.0017029486596584322,0.002075613652181951,0.0,4.517543792724609,Left,delay_ramp,Choice-discriminative delay rate (d′=2.86 vs other actions; prefers Left). | SPEC-TCNN neuron attention is high (a=0.002); the unit is used as past context. | Ground-truth type: delay-ramping preparatory cell — the ALM preparatory motif of Li/Inagaki/Svoboda.
left ALM,8,7,False,-0.2610512777893021,2.7906159129640886,0.0,0.004112268052995205,0.0011509988224749613,0.0,4.517543792724609,Right,delay_ramp,Choice-discriminative delay rate (d′=2.79 vs other actions; prefers Right). | SPEC-TCNN neuron attention is high (a=0.001); the unit is used as past context. | Ground-truth type: delay-ramping preparatory cell — the ALM preparatory motif of Li/Inagaki/Svoboda.
right ALM,90,33,False,-0.2688362993745585,2.5230730667886534,0.0,0.0020789293572306636,0.00148258112638386,0.0,3.9473676681518555,Left,delay_ramp,Choice-discriminative delay rate (d′=2.52 vs other actions; prefers Left). | SPEC-TCNN neuron attention is high (a=0.001); the unit is used as past context. | Ground-truth type: delay-ramping preparatory cell — the ALM preparatory motif of Li/Inagaki/Svoboda.
left Striatum,160,47,False,-0.27455002719622046,0.47844212802321806,0.05931147250221557,0.001037336513400078,0.004378513835240711,0.00290708195362575,2.850877285003662,Ignore,lick_burst,SPEC-TCNN neuron attention is high (a=0.004); the unit is used as past context. | Occluding this unit raises lick-raster prediction error (ΔMSE gain=0.003).
right ALM,98,41,False,-0.2772268060873274,0.7053856326975715,0.0857631000809238,0.0016983330249786379,0.00013513949378083704,0.0012689089908039682,2.32456111907959,Left,tonic,SPEC-TCNN neuron attention is high (a=0.000); the unit is used as past context. | Occluding this unit raises lick-raster prediction error (ΔMSE gain=0.001).
left Striatum,152,39,False,-0.2785477879599637,0.8786780481683735,0.0,0.002567388117313385,0.00857401943366598,0.0,2.324561357498169,Left,lick_burst,Choice-discriminative delay rate (d′=0.88 vs other actions; prefers Left). | SPEC-TCNN neuron attention is high (a=0.009); the unit is used as past context.
left ALM,21,20,False,-0.28503178173900645,0.7080258970453095,0.06163126303446037,0.001217820681631565,0.0001434225578421606,0.0049995893536220895,3.1578948497772217,Right,lick_burst,SPEC-TCNN neuron attention is high (a=0.000); the unit is used as past context. | Occluding this unit raises lick-raster prediction error (ΔMSE gain=0.005).
left ALM,49,48,False,-0.2922123601967383,0.3775318996473418,0.06822830948601324,0.001803218387067318,0.00010305896149205218,0.00295122568108786,2.324561357498169,Ignore,sample_sensory,SPEC-TCNN neuron attention is high (a=0.000); the unit is used as past context. | Occluding this unit raises lick-raster prediction error (ΔMSE gain=0.003).
right ALM,102,45,False,-0.29435616904194456,0.4383841619188448,0.06611145696732298,0.002263818774372339,0.00018435275507415103,0.003354228699478064,2.149122953414917,Left,sample_sensory,SPEC-TCNN neuron attention is high (a=0.000); the unit is used as past context. | Occluding this unit raises lick-raster prediction error (ΔMSE gain=0.003).
left ALM,12,11,False,-0.2974397192935407,2.1999998827648146,0.0,0.004811931774020195,0.0006376371543038308,0.0,5.482456207275391,Right,delay_ramp,Choice-discriminative delay rate (d′=2.20 vs other actions; prefers Right). | SPEC-TCNN neuron attention is high (a=0.001); the unit is used as past context. | Ground-truth type: delay-ramping preparatory cell — the ALM preparatory motif of Li/Inagaki/Svoboda.
left Striatum,128,15,False,-0.2979043585875638,1.0568132321825952,0.0,0.001178792491555214,0.010245840223776824,0.0,2.1052632331848145,Right,lick_burst,Choice-discriminative delay rate (d′=1.06 vs other actions; prefers Right). | SPEC-TCNN neuron attention is high (a=0.010); the unit is used as past context.
left Striatum,165,52,False,-0.3121424359880731,0.7385488491899918,0.0,0.002745418902486563,0.007452931360347136,0.0,2.5,Right,tonic,SPEC-TCNN neuron attention is high (a=0.007); the unit is used as past context.
right ALM,70,13,False,-0.31322697602180627,0.19387776549155147,0.1102111448948369,0.001039007492363453,0.00014436497630350312,0.002472945659525137,3.026315689086914,Left,lick_burst,SPEC-TCNN neuron attention is high (a=0.000); the unit is used as past context. | Occluding this unit raises lick-raster prediction error (ΔMSE gain=0.002).
left Striatum,113,0,False,-0.3165359893928932,0.9681108350300716,0.0,0.001361467782407999,0.009376151685160086,0.0,1.754386067390442,Right,tonic,Choice-discriminative delay rate (d′=0.97 vs other actions; prefers Right). | SPEC-TCNN neuron attention is high (a=0.009); the unit is used as past context.
right ALM,105,48,False,-0.3172710856683477,1.1033546506265364,0.03480181988360578,0.0019046185538172723,0.00035846161620121003,0.004444042206693544,3.1578948497772217,Right,tonic,Choice-discriminative delay rate (d′=1.10 vs other actions; prefers Right). | SPEC-TCNN neuron attention is high (a=0.000); the unit is used as past context. | Occluding this unit raises lick-raster prediction error (ΔMSE gain=0.004).
right Striatum,212,43,False,-0.3288676311106982,0.507237485759865,0.005947022072652414,0.0014642547816038133,0.004599827928867721,0.0006114723929366244,2.324561357498169,Ignore,tonic,SPEC-TCNN neuron attention is high (a=0.005); the unit is used as past context. | Occluding this unit raises lick-raster prediction error (ΔMSE gain=0.001).
left ALM,30,29,False,-0.32904448180939144,1.6773113116133875,0.0,0.005422598868608475,0.00037807048687356386,0.0,4.736841678619385,Right,delay_ramp,Choice-discriminative delay rate (d′=1.68 vs other actions; prefers Right). | SPEC-TCNN neuron attention is high (a=0.000); the unit is used as past context. | Ground-truth type: delay-ramping preparatory cell — the ALM preparatory motif of Li/Inagaki/Svoboda.
right Striatum,181,12,False,-0.3365842650495852,0.07707343121475298,0.029232770438898985,0.0016678955405950546,0.002991739032471939,0.0004567101173389356,2.675438642501831,Right,lick_burst,SPEC-TCNN neuron attention is high (a=0.003); the unit is used as past context. | Occluding this unit raises lick-raster prediction error (ΔMSE gain=0.000).
left Striatum,131,18,False,-0.3386129824482143,0.5427959171939136,0.026037539073359685,0.001446349360048771,0.005315882983164003,0.0024742086888157305,2.8947365283966064,Right,lick_burst,SPEC-TCNN neuron attention is high (a=0.005); the unit is used as past context. | Occluding this unit raises lick-raster prediction error (ΔMSE gain=0.002).
left Striatum,151,38,False,-0.33989321706443515,0.7494956152945935,0.0,0.0021800986491143704,0.007534964922787406,0.0,2.0175440311431885,Ignore,sample_sensory,SPEC-TCNN neuron attention is high (a=0.008); the unit is used as past context.
right Striatum,172,3,False,-0.3509573732029954,0.5100560052427261,0.0,0.0016283178701996803,0.0027698179023718005,0.0,2.1929824352264404,Right,tonic,SPEC-TCNN neuron attention is high (a=0.003); the unit is used as past context.
left ALM,48,47,False,-0.35505361098099575,2.010860345510664,0.0,0.0035147396847605705,0.0005277536246959978,0.0,4.649122714996338,Right,delay_ramp,Choice-discriminative delay rate (d′=2.01 vs other actions; prefers Right). | SPEC-TCNN neuron attention is high (a=0.001); the unit is used as past context. | Ground-truth type: delay-ramping preparatory cell — the ALM preparatory motif of Li/Inagaki/Svoboda.
right Striatum,202,33,False,-0.3592714471040392,0.5782804141616787,0.0,0.0013346550986170769,0.004938500740669099,0.0,2.6315789222717285,Left,lick_burst,SPEC-TCNN neuron attention is high (a=0.005); the unit is used as past context.
right Striatum,201,32,False,-0.3638635461421487,0.25994509476929556,0.014756114053714804,0.0014071963727474214,0.0035920623080230056,0.0007775343510930087,2.499999523162842,Left,tonic,SPEC-TCNN neuron attention is high (a=0.004); the unit is used as past context. | Occluding this unit raises lick-raster prediction error (ΔMSE gain=0.001).
right ALM,85,28,False,-0.36584139424821793,1.6636007777773583,0.0,0.0021067107445560396,0.0006277032841087203,0.0,0.5701754093170166,Left,delay_suppress,Choice-discriminative delay rate (d′=1.66 vs other actions; prefers Left). | SPEC-TCNN neuron attention is high (a=0.001); the unit is used as past context.
right Striatum,177,8,False,-0.3675450149026764,0.5198753043380393,0.0,0.001389226457104087,0.004658328764800445,0.0,0.48245614767074585,Right,sparse,SPEC-TCNN neuron attention is high (a=0.005); the unit is used as past context.
right Striatum,211,42,False,-0.3739761890540545,0.15218017428470768,0.033442452690490954,0.0009676504880189896,0.0032250923386882386,0.001031625741080685,3.026315450668335,Ignore,tonic,SPEC-TCNN neuron attention is high (a=0.003); the unit is used as past context. | Occluding this unit raises lick-raster prediction error (ΔMSE gain=0.001).
right Striatum,221,52,False,-0.3800448997984549,0.3084534815103486,0.0,0.0017303330823779106,0.003770602762017681,0.0,2.4561405181884766,Ignore,lick_burst,SPEC-TCNN neuron attention is high (a=0.004); the unit is used as past context.
left Striatum,139,26,False,-0.3842202306892329,0.8885955359038608,0.0,0.0005897438153624534,0.008659475304892167,0.0,2.2807018756866455,Right,tonic,Choice-discriminative delay rate (d′=0.89 vs other actions; prefers Right). | SPEC-TCNN neuron attention is high (a=0.009); the unit is used as past context.
right ALM,110,53,False,-0.38573486813075947,0.6096569333731923,0.0,0.0033823383040726186,0.00021879250699220504,0.0,2.412280559539795,Ignore,tonic,SPEC-TCNN neuron attention is high (a=0.000); the unit is used as past context.
right ALM,87,30,False,-0.3879632318154671,1.7246628533392918,0.0,0.001734486222267151,0.000667226650499061,0.0,3.6842105388641357,Left,delay_ramp,Choice-discriminative delay rate (d′=1.72 vs other actions; prefers Left). | SPEC-TCNN neuron attention is high (a=0.001); the unit is used as past context. | Ground-truth type: delay-ramping preparatory cell — the ALM preparatory motif of Li/Inagaki/Svoboda.
right Striatum,215,46,False,-0.3916667051112311,0.4810456308554087,0.0,0.0012663261964917182,0.004480913964667523,0.0,2.412281036376953,Ignore,lick_burst,SPEC-TCNN neuron attention is high (a=0.004); the unit is used as past context.
left ALM,35,34,False,-0.3950593986912385,1.348399618226828,0.014782682477816127,0.001893379306420684,0.0002720997889445931,0.002283788998164926,0.6578947305679321,Right,delay_suppress,Choice-discriminative delay rate (d′=1.35 vs other actions; prefers Right). | SPEC-TCNN neuron attention is high (a=0.000); the unit is used as past context. | Occluding this unit raises lick-raster prediction error (ΔMSE gain=0.002).
left Striatum,127,14,False,-0.3985732640608014,0.4497190333479203,0.01694741722991473,0.001397743122652173,0.005583286563718206,0.0018076995846805393,0.4385965168476105,Right,sparse,SPEC-TCNN neuron attention is high (a=0.006); the unit is used as past context. | Occluding this unit raises lick-raster prediction error (ΔMSE gain=0.002).
left Striatum,162,49,False,-0.4048913316659053,0.6150478712382885,0.0,0.0017376411706209183,0.006587055421554443,0.0,2.850877285003662,Left,lick_burst,SPEC-TCNN neuron attention is high (a=0.007); the unit is used as past context.
left Striatum,146,33,False,-0.4128020685042983,0.5201747928748385,0.0,0.002280585281550884,0.004721937726857256,0.0,2.500000238418579,Ignore,lick_burst,SPEC-TCNN neuron attention is high (a=0.005); the unit is used as past context.
left Striatum,143,30,False,-0.4143340950023178,0.658622172783033,0.0,0.0013283496722579003,0.006880426883131762,0.0,2.149122476577759,Left,tonic,SPEC-TCNN neuron attention is high (a=0.007); the unit is used as past context.
right ALM,81,24,False,-0.4194923115181733,0.7727358045964515,0.0,0.002719617635011673,0.00013640955113910334,0.0,2.412280797958374,Ignore,sample_sensory,SPEC-TCNN neuron attention is high (a=0.000); the unit is used as past context.
right ALM,112,55,False,-0.428341274539501,1.2847782848639293,0.0,0.0018593024462461472,0.00042976782947222556,0.0,2.236842155456543,Left,sample_sensory,Choice-discriminative delay rate (d′=1.28 vs other actions; prefers Left). | SPEC-TCNN neuron attention is high (a=0.000); the unit is used as past context.
right Striatum,184,15,False,-0.4335814233023304,0.29612282295639336,0.0,0.0013234284939244389,0.0031519316199497284,0.0,0.4385964870452881,Left,sparse,SPEC-TCNN neuron attention is high (a=0.003); the unit is used as past context.
left ALM,33,32,False,-0.43499137301288937,0.7182668172237361,0.030847507604092682,0.0005738602951169014,0.0001448988908871237,0.0025385752314956564,2.4561402797698975,Left,tonic,SPEC-TCNN neuron attention is high (a=0.000); the unit is used as past context. | Occluding this unit raises lick-raster prediction error (ΔMSE gain=0.003).
left ALM,45,44,False,-0.43654174255988965,0.5539116834446427,0.034371432588923966,0.0007175024598836899,0.00012293810731386234,0.002181334659413273,0.7017543911933899,Ignore,sparse,SPEC-TCNN neuron attention is high (a=0.000); the unit is used as past context. | Occluding this unit raises lick-raster prediction error (ΔMSE gain=0.002).
left Striatum,168,55,False,-0.4368965996909471,0.6348110211224062,0.0017089829478156842,0.0008976228069514036,0.006718531440909883,0.0002573141464098506,0.6140350103378296,Left,delay_suppress,SPEC-TCNN neuron attention is high (a=0.007); the unit is used as past context. | Occluding this unit raises lick-raster prediction error (ΔMSE gain=0.000).
right ALM,69,12,False,-0.43949944110841366,0.8283719793617658,0.01181811109246054,0.001864665187895298,0.0002722821638552108,0.0011330121140798479,2.5438594818115234,Left,tonic,Choice-discriminative delay rate (d′=0.83 vs other actions; prefers Left). | SPEC-TCNN neuron attention is high (a=0.000); the unit is used as past context. | Occluding this unit raises lick-raster prediction error (ΔMSE gain=0.001).
right ALM,71,14,False,-0.43979867877820283,1.3027467953384582,0.014517579324273893,0.0009649591520428658,0.0004375599767188183,0.00218884660425586,1.9298248291015625,Right,tonic,Choice-discriminative delay rate (d′=1.30 vs other actions; prefers Right). | SPEC-TCNN neuron attention is high (a=0.000); the unit is used as past context. | Occluding this unit raises lick-raster prediction error (ΔMSE gain=0.002).
left ALM,37,36,False,-0.4429940035756731,1.0242689386904655,0.0,0.0037129946053028108,0.0001967705511605439,0.0,2.3684208393096924,Ignore,tonic,Choice-discriminative delay rate (d′=1.02 vs other actions; prefers Ignore). | SPEC-TCNN neuron attention is high (a=0.000); the unit is used as past context.
left Striatum,116,3,False,-0.4469704348859358,0.483779472521648,0.0,0.0016784369945526123,0.005776731517445286,0.0,0.4385964870452881,Right,delay_suppress,SPEC-TCNN neuron attention is high (a=0.006); the unit is used as past context.
right ALM,86,29,False,-0.4515330135156623,0.5891582228584199,0.02473663460956442,0.0015729250386357307,0.00021435320198545993,0.0016866836750386147,0.5263158082962036,Right,delay_suppress,SPEC-TCNN neuron attention is high (a=0.000); the unit is used as past context. | Occluding this unit raises lick-raster prediction error (ΔMSE gain=0.002).
left Striatum,149,36,False,-0.4536137760843518,0.6348110211224062,0.0,0.0007443737238645553,0.006718531440909883,0.0,0.5263157486915588,Left,sparse,SPEC-TCNN neuron attention is high (a=0.007); the unit is used as past context.
left ALM,17,16,False,-0.45435656311579353,0.13494240157857518,0.047626442548759036,0.0002706514671444893,8.085939221626189e-05,0.0007363439172938165,2.5438597202301025,Right,tonic,SPEC-TCNN neuron attention is high (a=0.000); the unit is used as past context. | Occluding this unit raises lick-raster prediction error (ΔMSE gain=0.001).
right ALM,72,15,False,-0.45694018059901653,0.15816515796535074,0.07067359557900471,0.0006742183119058609,0.00013930030229872256,0.0012936865914897732,2.1929824352264404,Left,tonic,SPEC-TCNN neuron attention is high (a=0.000); the unit is used as past context. | Occluding this unit raises lick-raster prediction error (ΔMSE gain=0.001).
right Striatum,200,31,False,-0.458587496800801,0.34513825988789143,0.0,0.0010090310126543045,0.0032936172700592137,0.0,0.6578947305679321,Left,delay_suppress,SPEC-TCNN neuron attention is high (a=0.003); the unit is used as past context.
left Striatum,147,34,False,-0.4586830959059388,0.41750159480885546,0.0,0.0019516611471772193,0.004427542807290413,0.0,0.7894736528396606,Right,sparse,SPEC-TCNN neuron attention is high (a=0.004); the unit is used as past context.
left Striatum,159,46,False,-0.4741088674865956,0.5269319537163986,0.0,0.000954706221818924,0.0060314683758452645,0.0,0.4385964870452881,Right,sparse,SPEC-TCNN neuron attention is high (a=0.006); the unit is used as past context.
left ALM,43,42,False,-0.47640391434399487,1.3518451321204992,0.0,0.0015905346721410752,0.0002730389274006461,0.0,4.429824352264404,Right,delay_ramp,Choice-discriminative delay rate (d′=1.35 vs other actions; prefers Right). | SPEC-TCNN neuron attention is high (a=0.000); the unit is used as past context. | Ground-truth type: delay-ramping preparatory cell — the ALM preparatory motif of Li/Inagaki/Svoboda.
left Striatum,137,24,False,-0.47767405085436154,0.6040403540057147,0.0,0.00047430619597435,0.006514946088925551,0.0,2.8070175647735596,Right,lick_burst,SPEC-TCNN neuron attention is high (a=0.007); the unit is used as past context.
right ALM,89,32,False,-0.4790170829428445,0.28977478757687436,0.04795120673069255,0.0009063985198736191,0.0001588946921980962,0.001608130143562084,1.9736839532852173,Left,sample_sensory,SPEC-TCNN neuron attention is high (a=0.000); the unit is used as past context. | Occluding this unit raises lick-raster prediction error (ΔMSE gain=0.002).
left Striatum,114,1,False,-0.48215958781006624,0.32902787061634536,0.00824462545478321,0.0014556258916854858,0.004041232764038592,0.00024735051534043484,2.6315784454345703,Right,tonic,SPEC-TCNN neuron attention is high (a=0.004); the unit is used as past context. | Occluding this unit raises lick-raster prediction error (ΔMSE gain=0.000).
left Striatum,134,21,False,-0.4862452562435006,0.4440530612703613,0.0,0.0011752601712942123,0.0055517413482731315,0.0,0.5701754689216614,Right,delay_suppress,SPEC-TCNN neuron attention is high (a=0.006); the unit is used as past context.
right Striatum,209,40,False,-0.4932400808876268,0.29558899719662746,0.0,0.0008088679984211922,0.003315213644515495,0.0,2.4561405181884766,Ignore,lick_burst,SPEC-TCNN neuron attention is high (a=0.003); the unit is used as past context.
right Striatum,223,54,False,-0.49417536391062145,0.4342721370259804,0.0,0.0005395859479904175,0.0031190962120166052,0.0,2.324561357498169,Ignore,tonic,SPEC-TCNN neuron attention is high (a=0.003); the unit is used as past context.
left Striatum,125,12,False,-0.5006858103443428,0.15339436739330697,0.024678613680846628,0.0009364334866404534,0.0038931982675338168,0.000521954799821296,2.675438642501831,Left,lick_burst,SPEC-TCNN neuron attention is high (a=0.004); the unit is used as past context. | Occluding this unit raises lick-raster prediction error (ΔMSE gain=0.001).
right ALM,91,34,False,-0.5017412677308057,0.260980506103984,0.0,0.002402516081929207,0.00014003915157776255,0.0,2.587719202041626,Ignore,tonic,SPEC-TCNN neuron attention is high (a=0.000); the unit is used as past context.
right Striatum,206,37,False,-0.5041174580231015,0.39670924614411607,0.0,0.0005423046648502349,0.0027698178238875692,0.0,1.8859649896621704,Ignore,tonic,SPEC-TCNN neuron attention is high (a=0.003); the unit is used as past context.
left ALM,10,9,False,-0.5066787793991062,0.7760688603458964,0.0,0.0023885812610387803,0.0001535211306433739,0.0,1.8859649896621704,Right,tonic,SPEC-TCNN neuron attention is high (a=0.000); the unit is used as past context.
right Striatum,216,47,False,-0.5095085241806611,0.2802758806707958,0.00471782649548881,0.00050175990909338,0.003665839190435934,0.00026803632039678444,2.675438404083252,Ignore,lick_burst,SPEC-TCNN neuron attention is high (a=0.004); the unit is used as past context. | Occluding this unit raises lick-raster prediction error (ΔMSE gain=0.000).
right Striatum,187,18,False,-0.5134676638545916,0.30584511799608904,0.0,0.0005978956818580628,0.003760780492466523,0.0,2.6315789222717285,Left,lick_burst,SPEC-TCNN neuron attention is high (a=0.004); the unit is used as past context.
left Striatum,148,35,False,-0.5146303195787356,0.1999999230575564,0.010515521540160713,0.0012248605489730835,0.004349489490939744,0.0004988180013984484,2.5438594818115234,Left,lick_burst,SPEC-TCNN neuron attention is high (a=0.004); the unit is used as past context. | Occluding this unit raises lick-raster prediction error (ΔMSE gain=0.000).
left ALM,31,30,False,-0.5174424616783055,0.5400616793182061,0.0,0.0027674632146954536,0.00012124714739177847,0.0,2.4561400413513184,Ignore,sample_sensory,SPEC-TCNN neuron attention is high (a=0.000); the unit is used as past context.
right Striatum,210,41,False,-0.5206566389298402,0.2814389887865367,0.0,0.0005877758841961623,0.003670105391051495,0.0,0.7456139922142029,Ignore,sparse,SPEC-TCNN neuron attention is high (a=0.004); the unit is used as past context.
right ALM,80,23,False,-0.5222337699065309,0.506892015821995,0.021763696860644874,0.0009309016168117523,0.00019742503043433793,0.0012767598015594652,2.3684210777282715,Right,lick_burst,SPEC-TCNN neuron attention is high (a=0.000); the unit is used as past context. | Occluding this unit raises lick-raster prediction error (ΔMSE gain=0.001).
left Striatum,135,22,False,-0.5241164386033745,0.33121742916156516,0.0,0.001192270265892148,0.004139605332267865,0.0,0.4385965168476105,Left,sparse,SPEC-TCNN neuron attention is high (a=0.004); the unit is used as past context.
left Striatum,138,25,False,-0.5242343080776201,0.5086419446760155,0.0,0.00037939324975013735,0.004198243882448476,0.0,2.5438594818115234,Ignore,tonic,SPEC-TCNN neuron attention is high (a=0.004); the unit is used as past context.
left ALM,44,43,False,-0.5278561265851676,0.7801894997082348,0.0,0.0016784626990556718,0.00015415504233555214,0.0,0.5701754689216614,Right,delay_suppress,SPEC-TCNN neuron attention is high (a=0.000); the unit is used as past context.
left Striatum,145,32,False,-0.5425713374145444,0.4109458929334843,0.0,0.0005568230524659156,0.0036999445261008275,0.0,2.324561357498169,Ignore,lick_burst,SPEC-TCNN neuron attention is high (a=0.004); the unit is used as past context.
left ALM,13,12,False,-0.5468895412706232,0.8157043605435123,0.0,0.0009412987157702446,0.00015972822153145663,0.0,2.1929824352264404,Right,lick_burst,Choice-discriminative delay rate (d′=0.82 vs other actions; prefers Right). | SPEC-TCNN neuron attention is high (a=0.000); the unit is used as past context.
left Striatum,154,41,False,-0.5505453187829161,0.40173106647198215,0.0,0.00022960100322961808,0.005321683098360649,0.0,2.7192986011505127,Ignore,lick_burst,SPEC-TCNN neuron attention is high (a=0.005); the unit is used as past context.
left ALM,42,41,False,-0.5535914976522457,0.6686572603441517,0.0,0.0011777646839618682,0.00013788590853524104,0.0,1.7982454299926758,Left,tonic,SPEC-TCNN neuron attention is high (a=0.000); the unit is used as past context.
right Striatum,198,29,False,-0.5542855033973343,0.28120221598753015,0.0,0.0003284629434347153,0.003020057092706341,0.0,2.6315786838531494,Ignore,tonic,SPEC-TCNN neuron attention is high (a=0.003); the unit is used as past context.
right ALM,109,52,False,-0.5582897001643654,0.13357435288275168,0.030599078431990216,0.0008267637342214585,0.00013107220929318094,0.00034450826759831004,2.3684208393096924,Left,lick_burst,SPEC-TCNN neuron attention is high (a=0.000); the unit is used as past context. | Occluding this unit raises lick-raster prediction error (ΔMSE gain=0.000).
left ALM,41,40,False,-0.5603260953302072,0.26630137470551746,0.013818944562367859,0.0004547029733657837,9.221019634944079e-05,0.00042163087296648614,2.5438597202301025,Right,lick_burst,SPEC-TCNN neuron attention is high (a=0.000); the unit is used as past context. | Occluding this unit raises lick-raster prediction error (ΔMSE gain=0.000).
left Striatum,121,8,False,-0.5622849317975993,0.31917952716049763,0.0,0.0005044247955083847,0.004490471571961508,0.0,2.061403274536133,Right,tonic,SPEC-TCNN neuron attention is high (a=0.004); the unit is used as past context.
right ALM,103,46,False,-0.5638228460575445,0.4439372142426989,0.0,0.0013438817579299212,0.00018537932589517502,0.0,0.6578947305679321,Left,delay_suppress,SPEC-TCNN neuron attention is high (a=0.000); the unit is used as past context.
left ALM,19,18,False,-0.564111878831252,0.4866088336415299,0.0,0.0013967206701636314,0.00011493631395740807,0.0,0.5701753497123718,Ignore,sparse,SPEC-TCNN neuron attention is high (a=0.000); the unit is used as past context.
left ALM,32,31,False,-0.5677817933906365,0.4427339010636307,0.0,0.0014160359278321266,8.251659628802427e-05,0.0,2.6315789222717285,Right,tonic,SPEC-TCNN neuron attention is high (a=0.000); the unit is used as past context.
right ALM,74,17,False,-0.5686833222278831,0.16261432778775559,0.0,0.0016883669421076774,0.00012043734258535846,0.0,1.9298244714736938,Ignore,tonic,SPEC-TCNN neuron attention is high (a=0.000); the unit is used as past context.
right ALM,111,54,False,-0.5695628677574394,0.31395291273578596,0.0,0.001458062045276165,0.00016278328675495643,0.0,1.6666667461395264,Ignore,tonic,SPEC-TCNN neuron attention is high (a=0.000); the unit is used as past context.
right Striatum,197,28,False,-0.5736131767343862,0.11086711177856579,0.005172001980671702,0.00032305363565683366,0.00309456861422219,0.00011623244568097309,2.412280321121216,Right,lick_burst,SPEC-TCNN neuron attention is high (a=0.003); the unit is used as past context. | Occluding this unit raises lick-raster prediction error (ΔMSE gain=0.000).
right Striatum,213,44,False,-0.5796247799030848,0.09863554832902187,0.0,0.0004655469208955765,0.0030569477440581913,0.0,2.499999761581421,Left,tonic,SPEC-TCNN neuron attention is high (a=0.003); the unit is used as past context.
left Striatum,120,7,False,-0.5859471888694097,0.2343834069369099,0.0,0.0004563378170132637,0.004501640813727388,0.0,2.1929824352264404,Ignore,sample_sensory,SPEC-TCNN neuron attention is high (a=0.005); the unit is used as past context.
left ALM,55,54,False,-0.5870408686761651,0.269659399926696,0.0,0.0013147706165909767,9.252036201645693e-05,0.0,2.412280559539795,Left,sample_sensory,SPEC-TCNN neuron attention is high (a=0.000); the unit is used as past context.
right ALM,75,18,False,-0.5882139044009483,0.24494155980161247,0.0,0.0013194147497415543,0.00014307469053749872,0.0,2.5438594818115234,Ignore,tonic,SPEC-TCNN neuron attention is high (a=0.000); the unit is used as past context.
left ALM,25,24,False,-0.5976149847476536,0.2925379418699341,0.0,0.0008956547360867261,9.466149404633179e-05,0.0,0.5701754093170166,Ignore,sparse,SPEC-TCNN neuron attention is high (a=0.000); the unit is used as past context.
left Striatum,119,6,False,-0.6106737608357434,0.05895970866154569,0.0,0.0009004509076476098,0.0037773332176614283,0.0,2.412280321121216,Left,tonic,SPEC-TCNN neuron attention is high (a=0.004); the unit is used as past context.
left ALM,51,50,False,-0.6225133577827485,0.2030764764400709,0.0,0.00035325009375810625,8.617210871515171e-05,0.0,2.149122714996338,Left,tonic,SPEC-TCNN neuron attention is high (a=0.000); the unit is used as past context.
right ALM,79,22,False,-0.6453651619708688,0.19513140094105927,0.0,0.0006603091955184936,0.0001345961885787951,0.0,2.675438642501831,Ignore,tonic,SPEC-TCNN neuron attention is high (a=0.000); the unit is used as past context.
left Striatum,140,27,False,-0.8640209159441455,0.7803185775554061,0.19835072638518325,0.0023701853584498166,0.0067431560268213005,0.03003692173103217,0.3070175349712372,Right,sparse,SPEC-TCNN neuron attention is high (a=0.007); the unit is used as past context. | Occluding this unit raises lick-raster prediction error (ΔMSE gain=0.030). | Low delay rate; kept only if other scores remain high.
right Striatum,224,55,False,-1.1790054743496705,0.3880751818483742,0.16002069307059213,0.0006713646464049817,0.004083100412010812,0.012588036556982877,0.3947368562221527,Left,sparse,SPEC-TCNN neuron attention is high (a=0.004); the unit is used as past context. | Occluding this unit raises lick-raster prediction error (ΔMSE gain=0.013). | Low delay rate; kept only if other scores remain high.
left Striatum,153,40,False,-1.4273932955764679,1.9999999940395383,0.0,0.0014286003075540065,0.02631287995239815,0.0,0.21929824352264404,Left,sparse,Choice-discriminative delay rate (d′=2.00 vs other actions; prefers Left). | SPEC-TCNN neuron attention is high (a=0.026); the unit is used as past context. | Low delay rate; kept only if other scores remain high.
right Striatum,190,21,False,-1.7037613811810501,0.8996468554235215,0.0,0.0019586822018027306,0.006810245848924923,0.0,0.3947368562221527,Ignore,sparse,Choice-discriminative delay rate (d′=0.90 vs other actions; prefers Ignore). | SPEC-TCNN neuron attention is high (a=0.007); the unit is used as past context. | Low delay rate; kept only if other scores remain high.
right ALM,92,35,False,-1.779210794693258,1.3202292446726107,0.03901462908036727,0.0017667799023911358,0.00044527678019123837,0.0059612574874359685,0.35087719559669495,Right,sparse,Choice-discriminative delay rate (d′=1.32 vs other actions; prefers Right). | SPEC-TCNN neuron attention is high (a=0.000); the unit is used as past context. | Occluding this unit raises lick-raster prediction error (ΔMSE gain=0.006). | Low delay rate; kept only if other scores remain high.
right ALM,107,50,False,-1.8345771265433661,0.5752737395270484,0.04687013836430528,0.0022776986472308634,0.00018816106477045948,0.0024889173099107813,0.3947368562221527,Ignore,sparse,SPEC-TCNN neuron attention is high (a=0.000); the unit is used as past context. | Occluding this unit raises lick-raster prediction error (ΔMSE gain=0.002). | Low delay rate; kept only if other scores remain high.
left ALM,22,21,False,-1.8525973831959721,0.9417217640629308,0.03878832556218154,0.0011920722899958491,0.00018118000285426107,0.004185118297917031,0.35087719559669495,Left,sparse,Choice-discriminative delay rate (d′=0.94 vs other actions; prefers Left). | SPEC-TCNN neuron attention is high (a=0.000); the unit is used as past context. | Occluding this unit raises lick-raster prediction error (ΔMSE gain=0.004). | Low delay rate; kept only if other scores remain high.
right ALM,104,47,False,-1.8691179891267762,0.7707452786122595,0.06341993819509363,0.0006532030645757914,0.0002570349766306531,0.005657150861301435,0.3947368562221527,Left,sparse,SPEC-TCNN neuron attention is high (a=0.000); the unit is used as past context. | Occluding this unit raises lick-raster prediction error (ΔMSE gain=0.006). | Low delay rate; kept only if other scores remain high.
right ALM,68,11,False,-1.8869852778855951,1.4433757293249596,0.009902704696865779,0.001646932400763035,0.0005036303672763158,0.001654223908580494,0.30701756477355957,Right,sparse,Choice-discriminative delay rate (d′=1.44 vs other actions; prefers Right). | SPEC-TCNN neuron attention is high (a=0.001); the unit is used as past context. | Occluding this unit raises lick-raster prediction error (ΔMSE gain=0.002). | Low delay rate; kept only if other scores remain high.
right ALM,73,16,False,-1.9035826126635642,1.443375666091513,0.0,0.0019452387467026712,0.0005036303072389011,0.0,0.3070175349712372,Right,sparse,Choice-discriminative delay rate (d′=1.44 vs other actions; prefers Right). | SPEC-TCNN neuron attention is high (a=0.001); the unit is used as past context. | Low delay rate; kept only if other scores remain high.
right Striatum,207,38,False,-1.9210322515350458,0.35233212431080646,0.0,0.0012884764233604073,0.0039397353342735635,0.0,0.35087719559669495,Ignore,sparse,SPEC-TCNN neuron attention is high (a=0.004); the unit is used as past context. | Low delay rate; kept only if other scores remain high.
left ALM,29,28,False,-1.9562338367915475,1.2247449064318212,0.0,0.002651791088283062,0.000240450504573618,0.0,0.30701756477355957,Right,sparse,Choice-discriminative delay rate (d′=1.22 vs other actions; prefers Right). | SPEC-TCNN neuron attention is high (a=0.000); the unit is used as past context. | Low delay rate; kept only if other scores remain high.
left ALM,56,55,False,-1.9896031038626418,0.3880752984290588,0.026390501026881102,0.0007102752570062876,0.00010415130234353824,0.001173404637907684,0.35087719559669495,Right,sparse,SPEC-TCNN neuron attention is high (a=0.000); the unit is used as past context. | Occluding this unit raises lick-raster prediction error (ΔMSE gain=0.001). | Low delay rate; kept only if other scores remain high.
left Striatum,133,20,False,-1.9939085638327358,0.5773503242500456,0.0,0.0003236209973692894,0.006343361355208098,0.0,0.08771929889917374,Ignore,sparse,SPEC-TCNN neuron attention is high (a=0.006); the unit is used as past context. | Low delay rate; kept only if other scores remain high.
right ALM,97,40,False,-2.004336920034601,0.42547224860825417,0.0,0.0021327766589820385,0.00014705413245476252,0.0,0.3070175349712372,Ignore,sparse,SPEC-TCNN neuron attention is high (a=0.000); the unit is used as past context. | Low delay rate; kept only if other scores remain high.
left ALM,27,26,False,-2.0831123964533447,0.3880752984290588,0.0,0.0010768550913780929,0.00010415130234353824,0.0,0.35087719559669495,Right,sparse,SPEC-TCNN neuron attention is high (a=0.000); the unit is used as past context. | Low delay rate; kept only if other scores remain high.
left ALM,38,37,False,-2.1032481318659677,0.3880752928984988,0.0,0.00041384706273674967,0.00010415129613563705,0.0,0.3947368562221527,Right,delay_suppress,SPEC-TCNN neuron attention is high (a=0.000); the unit is used as past context. | Low delay rate; kept only if other scores remain high.
left ALM,26,25,False,-2.1173548819262558,0.18228765248329692,0.0,0.0005887109320610762,7.632771108239468e-05,0.0,0.21929824352264404,Left,sparse,SPEC-TCNN neuron attention is high (a=0.000); the unit is used as past context. | Low delay rate; kept only if other scores remain high.
right ALM,77,20,False,-2.1317713946426076,0.3415123073169844,0.0,0.0006226268596947193,0.00016733189184178594,0.0,0.30701756477355957,Left,delay_suppress,SPEC-TCNN neuron attention is high (a=0.000); the unit is used as past context. | Low delay rate; kept only if other scores remain high.
left ALM,47,46,False,-2.140125281963229,0.10314207610509361,0.0,8.30050092190504e-05,7.832849248129454e-05,0.0,0.2631579041481018,Ignore,sparse,SPEC-TCNN neuron attention is high (a=0.000); the unit is used as past context. | Low delay rate; kept only if other scores remain high.
